{"message":"","rows":{"item":[{"contentType":"text/html","data":"18-09-06 04:42:42","headers":"DefaultHttpHeaders[Host: localhost:8888, Connection: keep-alive, Cache-Control: max-age=0, Upgrade-Insecure-Requests: 1, User-Agent: Mozilla/5.0 (Windows NT 10.0; Win64; x64) AppleWebKit/537.36 (KHTML, like Gecko) Chrome/68.0.3440.106 Safari/537.36, Accept: text/html,application/xhtml+xml,application/xml;q=0.9,image/webp,image/apng,*/*;q=0.8, Accept-Encoding: gzip, deflate, br, Accept-Language: zh-CN,zh;q=0.9, Cookie: Idea-1c2d522=81419e03-ec9f-4869-b81e-b77fa637e27e; _ga=GA1.1.1911580155.1533609809; bdshare_firstime=1533609808766; Hm_lvt_0711a4f91bc0a9d22a67012693562b07=1533609809,1533788137; Idea-428c9a39=81419e03-ec9f-4869-b81e-b77fa637e27e; Hm_lvt_d214947968792b839fd669a4decaaffc=1536063989,1536136590]","method":"GET","project":"ROOT","protocolVersion":"HTTP/1.1","time":40,"uri":"D:\\IDEA\\workSpace\\JerryServer\\webapps\\ROOT\\index.html","url":"index.html"},{"contentType":"image/x-icon","data":"18-09-06 04:42:42","headers":"DefaultHttpHeaders[Host: localhost:8888, Connection: keep-alive, Pragma: no-cache, Cache-Control: no-cache, User-Agent: Mozilla/5.0 (Windows NT 10.0; Win64; x64) AppleWebKit/537.36 (KHTML, like Gecko) Chrome/68.0.3440.106 Safari/537.36, Accept: image/webp,image/apng,image/*,*/*;q=0.8, Referer: http://localhost:8888/, Accept-Encoding: gzip, deflate, br, Accept-Language: zh-CN,zh;q=0.9, Cookie: Idea-1c2d522=81419e03-ec9f-4869-b81e-b77fa637e27e; _ga=GA1.1.1911580155.1533609809; bdshare_firstime=1533609808766; Hm_lvt_0711a4f91bc0a9d22a67012693562b07=1533609809,1533788137; Idea-428c9a39=81419e03-ec9f-4869-b81e-b77fa637e27e; Hm_lvt_d214947968792b839fd669a4decaaffc=1536063989,1536136590]","method":"GET","project":"ROOT","protocolVersion":"HTTP/1.1","time":3,"uri":"D:\\IDEA\\workSpace\\JerryServer\\webapps\\ROOT\\image\\favicon.ico","url":"image/favicon.ico"}]},"status":200,"total":2}