[
  {
    "page": "index.html",
    "id": "je",
    "method": "GET",
    "timeout": 20000,
    "header": {
      "Connection": "keep-alive"
    },
    "inter": [
      {
        "link": "https://www.kuaidi100.com/query?type=shentong&postid=3374107234608&id=1",
        "weight": 1
      },
      {
        "link": "https://www.kuaidi100.com/query?type=yuantong&postid=801371015800473775",
        "weight": 2
      }
    ]
  },
  {
    "page": "admin/index.html",
    "id": "je",
    "method": "GET",
    "timeout": 20000,
    "header": {
      "Connection": "keep-alive"
    },
    "inter": [
      {
        "link": "http://localhost:8888/ROOT/json/data.json",
        "weight": 1
      }
    ]
  }
]